storeId;name;street;housenumber;zip;city;geoposition;zonegraph;storeItems
30001;Geck Testsupermarkt;Rahmedestraße;399;58762;Altena;51.2553220,7.6443610;40001;20001, 20002, 20003, 20004, 20005
30002;Geck Testsupermarkt 2;Rahmedestraße;399;58762;Altena;51.2553220,7.6443610;40001;20001, 20002, 20003, 20004, 20005
30003;Geck Testsupermarkt 3;Rahmedestraße;399;58762;Altena;51.2553220,7.6443610;40001;20001, 20002, 20003, 20004, 20005
30004;Geck Testsupermarkt 4;Rahmedestraße;399;58762;Altena;51.2553220,7.6443610;40001;20001, 20002, 20003, 20004, 20005
30005;Geck Testsupermarkt 5;Rahmedestraße;399;58762;Altena;51.2553220,7.6443610;40001;20001, 20002, 20003, 20004, 20005